year,sector_code,count_companies,count_patents
1976,10,77,2283
1976,15,325,6127
1976,20,563,8388
1976,25,289,4199
1976,30,104,1162
1976,35,164,5242
1976,40,35,395
1976,45,217,3775
1976,50,23,623
1976,55,21,50
1976,60,8,26
1976,NA,457,3027
1977,10,76,2256
1977,15,337,5592
1977,20,586,8220
1977,25,303,3842
1977,30,111,991
1977,35,170,4860
1977,40,25,364
1977,45,235,3843
1977,50,21,656
1977,55,23,47
1977,60,7,18
1977,NA,452,2891
1978,10,73,2464
1978,15,330,5656
1978,20,589,8391
1978,25,329,3937
1978,30,109,976
1978,35,170,4958
1978,40,32,357
1978,45,266,3756
1978,50,20,718
1978,55,23,46
1978,60,7,34
1978,NA,441,2838
1979,10,69,1812
1979,15,295,3985
1979,20,555,6260
1979,25,287,3057
1979,30,95,723
1979,35,158,3600
1979,40,28,256
1979,45,222,2892
1979,50,25,529
1979,55,22,38
1979,60,10,26
1979,NA,373,2109
1980,10,72,2072
1980,15,323,5121
1980,20,587,8042
1980,25,326,4211
1980,30,114,908
1980,35,167,4506
1980,40,30,372
1980,45,245,3425
1980,50,21,574
1980,55,20,40
1980,60,6,33
1980,NA,396,2407
1981,10,76,2297
1981,15,349,5552
1981,20,597,8902
1981,25,329,4407
1981,30,113,994
1981,35,185,4896
1981,40,37,402
1981,45,265,4104
1981,50,24,610
1981,55,27,71
1981,60,5,41
1981,NA,379,2538
1982,10,75,1961
1982,15,329,4835
1982,20,623,8283
1982,25,324,4307
1982,30,117,897
1982,35,185,4052
1982,40,35,333
1982,45,272,3864
1982,50,19,531
1982,55,28,70
1982,60,6,34
1982,NA,327,2239
1983,10,82,2413
1983,15,369,4906
1983,20,612,8249
1983,25,340,4510
1983,30,118,950
1983,35,199,3854
1983,40,43,281
1983,45,299,4041
1983,50,21,465
1983,55,27,86
1983,60,8,31
1983,NA,300,1984
1984,10,85,2787
1984,15,365,5566
1984,20,692,10027
1984,25,373,5677
1984,30,124,1026
1984,35,239,4502
1984,40,44,257
1984,45,338,4902
1984,50,29,529
1984,55,34,125
1984,60,5,17
1984,NA,316,2297
1985,10,88,2806
1985,15,397,5847
1985,20,709,10874
1985,25,392,6063
1985,30,126,1210
1985,35,258,4760
1985,40,38,281
1985,45,380,5553
1985,50,26,596
1985,55,40,118
1985,60,5,22
1985,NA,289,2260
1986,10,78,2467
1986,15,395,5404
1986,20,761,10518
1986,25,418,5905
1986,30,141,1188
1986,35,269,4694
1986,40,46,267
1986,45,408,6127
1986,50,31,706
1986,55,37,130
1986,60,9,35
1986,NA,289,1749
1987,10,92,2541
1987,15,394,5810
1987,20,862,12551
1987,25,463,7505
1987,30,153,1477
1987,35,316,5316
1987,40,51,286
1987,45,452,7869
1987,50,37,1069
1987,55,47,197
1987,60,8,34
1987,NA,265,1443
1988,10,92,2206
1988,15,419,5962
1988,20,831,11661
1988,25,442,7064
1988,30,138,1426
1988,35,331,4913
1988,40,54,243
1988,45,500,7930
1988,50,41,835
1988,55,38,167
1988,60,8,26
1988,NA,223,1091
1989,10,104,2818
1989,15,459,6996
1989,20,883,14225
1989,25,484,8270
1989,30,170,1809
1989,35,358,5850
1989,40,38,259
1989,45,545,10271
1989,50,50,966
1989,55,42,199
1989,60,9,36
1989,NA,232,1182
1990,10,98,2461
1990,15,433,7316
1990,20,869,13399
1990,25,484,8029
1990,30,150,1713
1990,35,395,5733
1990,40,60,255
1990,45,556,10064
1990,50,40,1139
1990,55,39,180
1990,60,13,48
1990,NA,203,984
1991,10,103,2602
1991,15,453,7819
1991,20,915,14382
1991,25,515,8927
1991,30,164,1750
1991,35,399,5970
1991,40,43,284
1991,45,576,11687
1991,50,41,1166
1991,55,48,208
1991,60,8,43
1991,NA,201,1082
1992,10,100,2615
1992,15,465,7863
1992,20,925,14246
1992,25,501,9116
1992,30,162,1773
1992,35,438,6337
1992,40,49,271
1992,45,606,12903
1992,50,47,1158
1992,55,47,263
1992,60,11,38
1992,NA,180,988
1993,10,109,2521
1993,15,466,8000
1993,20,944,13894
1993,25,504,9575
1993,30,168,1796
1993,35,488,6547
1993,40,57,312
1993,45,632,14369
1993,50,49,1092
1993,55,54,244
1993,60,11,32
1993,NA,176,1044
1994,10,105,2414
1994,15,468,7696
1994,20,959,13779
1994,25,508,9964
1994,30,181,1851
1994,35,506,6548
1994,40,50,375
1994,45,711,16137
1994,50,58,1313
1994,55,54,232
1994,60,13,37
1994,NA,158,970
1995,10,102,1948
1995,15,474,6992
1995,20,917,13629
1995,25,542,10020
1995,30,172,1899
1995,35,553,7046
1995,40,59,366
1995,45,740,16799
1995,50,55,1392
1995,55,58,215
1995,60,12,24
1995,NA,153,913
1996,10,105,1749
1996,15,498,6936
1996,20,969,14053
1996,25,574,11051
1996,30,176,2161
1996,35,609,7892
1996,40,52,399
1996,45,806,20626
1996,50,64,1236
1996,55,64,201
1996,60,8,29
1996,NA,154,909
1997,10,102,1570
1997,15,490,6789
1997,20,976,13584
1997,25,578,11617
1997,30,181,2348
1997,35,656,9268
1997,40,54,508
1997,45,831,21866
1997,50,62,704
1997,55,58,204
1997,60,10,32
1997,NA,157,819
1998,10,124,1880
1998,15,561,8027
1998,20,1026,17247
1998,25,664,15753
1998,30,195,2778
1998,35,809,11584
1998,40,83,663
1998,45,1017,32227
1998,50,72,1112
1998,55,65,225
1998,60,12,26
1998,NA,159,932
1999,10,134,2066
1999,15,569,8194
1999,20,1077,18035
1999,25,699,16424
1999,30,216,3101
1999,35,804,11553
1999,40,90,645
1999,45,1068,35560
1999,50,89,1300
1999,55,61,203
1999,60,16,38
1999,NA,153,909
2000,10,141,2299
2000,15,572,8257
2000,20,1083,18616
2000,25,732,16975
2000,30,223,3218
2000,35,864,11413
2000,40,82,685
2000,45,1134,39455
2000,50,105,1236
2000,55,59,217
2000,60,15,36
2000,NA,172,905
2001,10,138,2187
2001,15,568,8744
2001,20,1101,19723
2001,25,739,18163
2001,30,209,3442
2001,35,900,12268
2001,40,85,679
2001,45,1271,43118
2001,50,103,1193
2001,55,61,203
2001,60,10,40
2001,NA,157,937
2002,10,133,2087
2002,15,528,8389
2002,20,1159,20806
2002,25,726,18711
2002,30,227,3287
2002,35,908,12776
2002,40,78,572
2002,45,1258,44186
2002,50,91,1291
2002,55,58,211
2002,60,14,49
2002,NA,134,927
2003,10,140,2085
2003,15,546,7848
2003,20,1108,21380
2003,25,725,19200
2003,30,213,3301
2003,35,930,13358
2003,40,82,534
2003,45,1325,46721
2003,50,109,1209
2003,55,57,169
2003,60,18,70
2003,NA,129,850
2004,10,129,2093
2004,15,532,7163
2004,20,1096,20659
2004,25,717,19376
2004,30,197,2812
2004,35,898,11900
2004,40,78,570
2004,45,1355,49468
2004,50,105,1301
2004,55,54,161
2004,60,13,60
2004,NA,114,758
2005,10,120,1758
2005,15,490,5722
2005,20,1011,18152
2005,25,697,17288
2005,30,180,2286
2005,35,872,10024
2005,40,82,478
2005,45,1311,44968
2005,50,116,1227
2005,55,51,179
2005,60,15,52
2005,NA,107,645
2006,10,134,2212
2006,15,506,6462
2006,20,1099,22084
2006,25,758,22168
2006,30,181,2591
2006,35,975,12199
2006,40,101,641
2006,45,1429,58076
2006,50,135,1823
2006,55,41,185
2006,60,20,66
2006,NA,127,814
2007,10,118,2040
2007,15,503,6130
2007,20,1066,19775
2007,25,721,20628
2007,30,199,2536
2007,35,916,11347
2007,40,97,664
2007,45,1402,55321
2007,50,112,1745
2007,55,50,285
2007,60,16,66
2007,NA,109,673
2008,10,125,2071
2008,15,474,5748
2008,20,1047,19705
2008,25,766,20673
2008,30,179,2438
2008,35,916,11062
2008,40,121,691
2008,45,1393,59188
2008,50,118,1996
2008,55,51,394
2008,60,20,67
2008,NA,111,707
2009,10,140,2120
2009,15,491,6560
2009,20,1080,19967
2009,25,715,20984
2009,30,191,2379
2009,35,917,11920
2009,40,130,779
2009,45,1421,63543
2009,50,126,2356
2009,55,49,513
2009,60,16,66
2009,NA,93,721
2010,10,151,3123
2010,15,560,8893
2010,20,1152,25317
2010,25,767,26018
2010,30,207,3346
2010,35,1083,16304
2010,40,153,1279
2010,45,1522,78285
2010,50,134,3396
2010,55,62,856
2010,60,20,87
2010,NA,121,895
2011,10,157,2953
2011,15,561,9252
2011,20,1181,26473
2011,25,746,26649
2011,30,205,3282
2011,35,1094,17072
2011,40,153,1356
2011,45,1555,78472
2011,50,143,4230
2011,55,53,654
2011,60,18,67
2011,NA,117,832
2012,10,163,3169
2012,15,604,10210
2012,20,1216,28980
2012,25,800,31108
2012,30,229,3763
2012,35,1191,19315
2012,40,166,1683
2012,45,1603,85659
2012,50,160,6122
2012,55,65,756
2012,60,20,69
2012,NA,113,967
2013,10,174,3839
2013,15,623,10871
2013,20,1274,30316
2013,25,827,32821
2013,30,234,4305
2013,35,1279,21529
2013,40,170,2030
2013,45,1638,92970
2013,50,176,7644
2013,55,60,745
2013,60,18,101
2013,NA,107,945
2014,10,174,4330
2014,15,618,11979
2014,20,1300,32334
2014,25,848,34069
2014,30,221,4035
2014,35,1338,22127
2014,40,170,1945
2014,45,1660,102321
2014,50,186,9352
2014,55,72,746
2014,60,20,111
2014,NA,112,1130
2015,10,196,4377
2015,15,633,11789
2015,20,1306,32915
2015,25,827,34493
2015,30,234,3894
2015,35,1378,21033
2015,40,137,1395
2015,45,1665,102127
2015,50,182,9498
2015,55,68,271
2015,60,23,111
2015,NA,107,1101
2016,10,195,4517
2016,15,633,11811
2016,20,1296,32668
2016,25,835,35935
2016,30,241,3802
2016,35,1416,20861
2016,40,137,1584
2016,45,1713,106213
2016,50,195,9951
2016,55,65,279
2016,60,25,121
2016,NA,117,1157
2017,10,190,4867
2017,15,674,12336
2017,20,1362,36130
2017,25,883,40382
2017,30,249,3781
2017,35,1455,21435
2017,40,155,2136
2017,45,1717,105864
2017,50,198,10104
2017,55,64,327
2017,60,18,80
2017,NA,117,1142
2018,10,182,4420
2018,15,669,11734
2018,20,1342,36233
2018,25,878,40106
2018,30,251,3996
2018,35,1462,20254
2018,40,153,2800
2018,45,1669,97939
2018,50,194,9488
2018,55,63,312
2018,60,22,83
2018,NA,113,1084
2019,10,189,5219
2019,15,679,12813
2019,20,1411,41363
2019,25,933,47019
2019,30,251,4527
2019,35,1539,23158
2019,40,182,4281
2019,45,1726,109703
2019,50,214,11261
2019,55,71,378
2019,60,22,82
2019,NA,126,1259
2020,10,180,4646
2020,15,667,12420
2020,20,1404,40336
2020,25,916,46093
2020,30,255,4881
2020,35,1596,22923
2020,40,173,4804
2020,45,1714,107609
2020,50,216,11982
2020,55,61,334
2020,60,24,117
2020,NA,107,1254
2021,10,178,4585
2021,15,645,11204
2021,20,1353,35507
2021,25,917,42013
2021,30,259,4475
2021,35,1607,21306
2021,40,173,5114
2021,45,1697,99405
2021,50,212,11298
2021,55,56,287
2021,60,25,101
2021,NA,107,1155
2022,10,177,4648
2022,15,646,10874
2022,20,1379,33880
2022,25,879,41722
2022,30,252,4258
2022,35,1578,20447
2022,40,180,5289
2022,45,1661,95671
2022,50,209,11692
2022,55,75,280
2022,60,29,115
2022,NA,96,972
2023,10,139,3279
2023,15,594,6803
2023,20,1184,22650
2023,25,780,28502
2023,30,207,3041
2023,35,1384,14452
2023,40,160,4319
2023,45,1468,68595
2023,50,166,8732
2023,55,53,182
2023,60,20,89
2023,NA,92,637
